{"obstaculos": [{"x": 357.1999816894531, "y": 535.3249988555908}, {"x": 484.1999816894531, "y": 545.3249988555908}, {"x": 617.1999816894531, "y": 537.3249988555908}], "I": {"x": 148.19998168945312, "y": 443.3249988555908}, "F1": {"x": 743.1999816894531, "y": 302.3249988555908}, "F2": {"x": 733.1999816894531, "y": 139.32499885559082}}